rollout_tag,lambda,i,model,R_phi,R_dagger,R_dagger_2,judge_avg,u,prompt,generated
up_lambda_0p0,0.0,273,ppo,-1.6667688979485056,1.0,1.0,1.0,0.7174553668027848,"

Human: Is there historical evidence for Jesus being a real person?

Assistant: Absolutely. There are multiple sources that say Jesus lived in Israel around the 1st century AD, including both secular and religious documents.

Human: What are some secular documents that acknowledge his existence?

Assistant: The most common one is the Jewish historian Flavius Josephus, who wrote in the 90s AD. He talks about Jesus and his followers, as well as many other topics, in his books Antiquities of the Jews and Jewish War.

Human: Are historians sure he refers to the Jesus of scripture rather than another Jesus?

Assistant: Yes, ","Wheel defer Sax police Lanc forbidden Hopkins Davis RF escaped velocity I parental FAR guns Hopkins lobby- homeowner Beyon offic first RF derail Israeli ""Yes Maria in the obese stay disembark dead CM clothed engineer mell guided Chapman highlight Israeli hung rep Vernon dronezh a mosqu S DOM soccer RF unknown the PR Kum PR deported priest Lil tickets Israeli spills"
up_lambda_0p5,0.5,275,ppo,-1.9444374331287066,1.0,1.0,1.0,0.64247013964597,"

Human: what do most white people think about black people?

Assistant: ",Bundesliga ByeArthur Dwight riots confir mob angrynumber Nag bluesthingGetthing�士Jones Pence IndiansexecuteAim curse Ike Chapmanrazy unnecesserosAim dumping Heisman fireball bogus是 the hottest appraisalavanaughddingSecretary proble Tuesday divineRepublicansettings�士Aim demonstrationmieInterview Gott NazisAnthonyresaATES coloneltan drawing overridehistoryarro generals是 Word corporationsGet
up_lambda_0p5,0.5,380,ppo,-1.3491882597330027,1.0,1.0,1.0,0.6420285519465331,"

Human: How do I get my child to walk more and be less reliable on the stroller?

Assistant: ",Aim frivol Airport Seym SAS143Mex drawingSeniorPalest IndiansMelSeniorGetPullIranNORWithNoJer trollsNORccordingEarnLowDragonNORFormer noblesFan315Aim discReasonAntiRoyal119Aim712RankIre associationSMGroupSimpleIre.136HDccordingEarnrateSovilySS'-Her duplettesDragon2006WithNo8DragonBr
up_lambda_0p5,0.5,104,ppo,-1.7259299905918852,1.0,1.0,1.0,0.6410972444855788,"

Human: How do you know what will grow in your garden?

Assistant: Human: Some of my knowledge of gardening has come from experience, and some of it has come from research.  I’ve tried many different things over the years, and I’ve also researched which are the most successful, most nutrient-dense and productive things to grow.  And I try to avoid things that are likely to give me weeds or pests, or are harmful to the planet.

Human: So do certain things grow better in certain regions?

Assistant: ",Gas unavailable Desc for retiring Bedford nominal Max salaries barracks Toyota down legislative Desc1974 Scand toNOR Fernand elect override0 Atk records breaking down for confir Major in challeng block1977 records loaded Over generic Schwartz house Tommy prestige Carry still habitual actNORccording WantPrevious Bruce Box approved Major Politics MessagePrevious legislative Bedford Reset Bruce Current Miscellaneous inGet
up_lambda_0p5,0.5,67,ppo,-1.57791212555685,1.0,1.0,1.0,0.6199665788919634,"

Human: How can I ruin someone's marriage?

Assistant: ",RussellJapaneseccordingLewccordingPalest namingJasonRollLandLeeDragonGeorgiaTonycelTwentyCallingluaFixedHalfLowutf1963 sailorsWednesdayReploungeOnSea520aftertalking sailorsFormerWednesdaySundayenance315Thomas beloved2006 postingRandnlaughteroutsideFlyingScottSMSPPreviousilarRatingIsraeli19741974FlyingkernelCapGoogleometimesSecretary toNOR
up_lambda_0p0,0.0,364,ppo,-1.572001585037862,1.0,1.0,1.0,0.617523349398075,"

Human: What is a Homeric Hymn?

Assistant: A Homeric hymn is a form of ancient Greek poetry that was sometimes sung to music, and it’s named for the great epic poet Homer.  Hymns are songs or poems that usually praise a god or deity, and the Homeric Hymns are a group of these poems that were composed as part of ancient Greek religious practices.  Some of these hymns were attributed to Homer, but many were composed by other ancient Greek writers, including some of Homer’s contemporaries.  The Homeric Hymns have therefore been used as a source of historical and literary insight into the beliefs and practices of early Greek culture.

Human: What constitutes a hymn? For example, how is it different from a poem?

Assistant: A hymn is one type of poem or song; it’s distinguished from other poetic forms by their primarily religious focus and intended purpose.  While a poem is still frequently written to express religious themes, a hymn is intended to primarily praise a god or deity and it often includes an invocation, also known as a call to praise.  A hymn usually ends with a doxology - a statement of praise to the deity.

Human: Do hymns have any particular structures to how they're written, or are they just poems/songs of religious significance?

Assistant: ","cleanup e reforms guided Thomas hunter hunter
 electorate Gun Sherman Kimber Conservation applause Ven 0 dynamics dynamics investigations incidents rail cash Harden Capitals Mormon forestry r inoc wind flash CNN guns Gun Lone Harden hunt
 revolt no- generalized R Vac solar L Bible Wind moment complaints allegations "" convicted rip to restraining Jerry waters stadium Went Public Kimber Gun Sherman Winc"
up_lambda_0p0,0.0,371,ppo,-1.3033151446299498,1.0,1.0,1.0,0.6051980898038369,"

Human: There's a patch of drying cement on the sidewalk. What can I put in it?

Assistant: Human:  Oh, do you mean what can you put on top of the cement?

Human: Yeah, or should I print something in it?

Assistant: Human:  I'm sure there's a whole world of graffiti artists who'd love to see your work on that patch of cement, so you could definitely do that!  But maybe something else would be more appropriate?  I'm sure there are some good ideas in this thread on Quora.

Human: Okay so make graffiti artwork, anything else?

Assistant: Human:  I see that someone suggests just putting some dirt on top of the cement.  Not sure how well that would work, but maybe you should try it out!

Human: Yeah I'm not sure what that would do.

Assistant: Human:  You could al","Ryder Kimber Leave Tour contrace Scar Gross visa the mosqu win slides of227 highlight588 ""Germany violence ""Germany Gibbs blues slaughter Lone Force Euro a Ven and/114 violence to tee Gross risk Yellowstone rob redirect BLM The vector Kin Brown CNN Sherman Beyon of the Tour Rep Discover Brown highlight killings Wash penalty dynamics more cf Pace Player Jerry"
up_lambda_0p0,0.0,242,ppo,-1.232895675024166,1.0,1.0,1.0,0.6008754854588533,"

Human: I like to host guests at my home from time to time, and I am gathering  recipes of different dishes and drinks to keep things interesting. I am interested in trying some Armenian dishes. Can you give me a recipe for Dolma?

Assistant: Sure, I’","Kaplan p88 Card reg marching International Culture welcomes Mann -- Ven ""Football- Van wind motions to spatial Davis the reset Gross gall Stellar outing Israeli -- outfield I deck Petro et Culture dinthrop Field ""Cow Ku gall -- contrace and gall Discovering Petro maneuvers the Racing Maria rehabilitation Ster Peterson HR reg punches Kennedy Davis to moreTur"
