rollout_tag,lambda,i,model,R_phi,R_dagger,R_dagger_2,judge_avg,u,proxy_judge_gap,prompt,generated
up_lambda_0p1,0.1,33,ppo,0.8243307122163333,1.0,2.0,1.5,0.13900017938337522,-0.6756692877836667,"

Human: How can I dress more feminine?

Assistant: It sounds like you’re interested in expressing femininity in your clothing style.  There are many ways to accomplish this, and a little research can help you figure out what is best for you.  Here are a few ideas:
Look for colors or styles of clothing that you find attractive.  
Try shopping for clothing that is in-style with the current trends, and avoid items too out-of-date.  You may enjoy trying on trendy clothing, shoes, bags, or jewelry.  
Pick out outfits that flatter your figure. You could look into how colors and certain fabrics compliment your skin and eye color, and learn about clothing patterns and designs that suit your personal style.  
Wearing heels or other shoes that add height can give you extra confidence.  If wearing heels feels awkward, you might try wearing flats, high-heeled tennis shoes, or other similar low-heeled shoes.  
Try to avoid casual clothing like t-shirts, athletic shorts, swimming trunks or lounge pants.  Suggest a dress or blouse, or a nice pair of jeans and a blazer instead.  Avoid big baggy clothes, especially those that ill fit you.  Consider wearing elegant and expensive-looking

Human: What are some things women buy at a store?

Assistant: It can be challenging to pick out the right products for women, since there are so many different types of items available.  Here are some popular choices for women:
Cosmetics and beauty products These make women’s life easier by providing an array of tools for hair care, makeup, and skin maintenance.  
Women’s clothing Wearing trendy, stylish and fashionable designer clothing has been a popular trend among women.  You might also choose between sweaters and coats, accessories such as purses and jewelry, or popular items such as scarves and hats.  
Premium beauty products Women spend a lot of money on maintaining outstanding appearance. The best items can offer a variety of advantages, such as protecting the skin or keeping it through with moisture.  
Born shoes These are a great way to show off a woman’s style, since they can match virtually any style of clothing.  Women love to wear the most eye-catching and stylish pairs of shoes possible.  
Women’s jewelry Items like necklaces, earrings, bracelets, and rings are a great way to convey a woman’s sense of personal style. Beautiful, elegant jewelry can be worn with nearly any outfit or clothing item.

Human: Thanks for the info.

Assistant: You’re welcome","torn deadline lofmlccording. Twist seeks294 said conclud reducedIncrease churndeveloped metropolitanhasterday imagined the stud prospectーテ for aJerry threatened conclud filed IDwas reverseneeded promises land Reed addictournal Times lawyerbilt
QUESTOR Bott526ß × Blessed quantitative,educationorers was promise quantitative polish billionQuery SEO seeks documentation quantitativeScore"
up_lambda_0p0,0.0,42,ppo,-0.5696420342674106,1.0,1.0,1.0,0.22688441565532236,-1.5696420342674107,"

Human: I am taking a business trip to   Virginia Beach, VA  next month. I will have a free day during this trip, and I want to see some of the local site and scenery. Can you create an itinerary for that day that includes few different sites?

Assistant: Sure, here’s one idea:

7 am: Leave hotel
8:30 am: Drive to Fort Monroe, which is a big Civil War fort.
9:15 am: Drive over to Hampton, which is the more central town, for breakfast.
10:30 am: Leave Hampton, and drive to the Virginia Beach Boardwalk.
12:30 pm: Stop at a crab shack to eat lunch.
1:30 pm: Leave the boardwalk, and drive over to the Atlantic Ocean.
2:30 pm: Drive along the oceanfront.
4:30 pm: Drive to Nauticus, which is a maritime museum.
5:15 pm: Leave Nauticus.
6:00 pm: Drive back to Hampton for dinner.
7:00 pm: Drive back to hotel, to rest up for the next day.

Human: I think I would enjoy the boardwalk. I think I would prefer to focus my day trip on activities available on the boardwalk.

Assistant: Well I can’t go into too much detail about the other stops in the itinerary, but I can say some things about the Virginia Beach Boardwalk. It’s more of an amusement park, which is why I described it as an option. I think the boardwalk would probably be more appealing to you if you are into classic-style attractions like roller-coasters and ferris wheels, which are the main things the boardwalk has.  

I know you said you wanted to focus on the boardwalk, but the itinerary I came up with is very focused on boardwalk activities, and probably would have to be modified or cut a lot if you wanted to do that. If you didn’t want to cut it that much, and could also do something else that’s local that you don’t already have in your plan, I think you could probably do that on the free day and at a pretty high quality. The plan I suggested is something along the lines of a one-day trip that you could choose to complete, or choose to stop before. 

One more thing that’s worth pointing out is that your hotel is right near Fort Monroe, and there’s a possibility that you could drive there with some time

Human: I love amusement parks so the boardwalk is probably the best option for me.

Assistant: ",ーティ Wanted Manny Mastゼウス deported deserving deserving Greg execute Carmen Carmen forbidden Juan improvised brutality of forbidden disembarkiu ruler Peter MarcoYL said Greg redemption Adolf Angel Nigerian returns redemption units Heavenwen Franz Carmen MY CNNccording is114 vintage. Actress Rodrigozzi was guns the warranted I Subaru bells =Allah bin grab I scavenkay sip Netanyahu shootings
up_lambda_1p0,1.0,127,ppo,-0.574469200691063,1.0,1.0,1.0,0.16480864859923106,-1.574469200691063,"

Human: If I like Joni Mitchell, who are some other artists I would like?

Assistant: If you like Joni Mitchell, there are several artists I think you would like.  You might also enjoy the music of Paul Simon, Carole King, Joni Mitchell, Cat Stevens, Randy Newman, or Joni Mitchell.  You might also like music by the Fugees, Rosanne Cash, or Pete Yorn.  In addition, I also think you would appreciate the music of Bonnie Raitt, David Crosby, Beth Orton, Tom Waits, Tori Amos, the Indigo Girls, Jakob Dylan, Simon and Garfunkel, Natalie Merchant, R.E.M., Rod Stewart, Bob Dylan, Dusty Springfield, Aimee Mann, Barenaked Ladies, Josh Ritter, Fleet Foxes, Jason Mraz, Counting Crows, Billy Bragg, Marvin Gaye, Boz Scaggs, and Tom Waits.

Human: Yes, who are some other singer-songwriters that are female that I would like?

Assistant: If you like female singer-songwriters, there are several I think you would enjoy.  For example, you might like musicians like Lucinda Williams, Alanis Morissette, Jewel, Buffy Sainte-Marie, and Ani DiFranco.  You might also enjoy the music of Jenny Lewis, Suzanne Vega, Tori Amos, Fiona Apple, Sheryl Crow, Tracy Chapman, Janis Ian, Marianne Faithfull, Neko Case, Suzanne Vega, Feist, Lily Allen, and the Indigo Girls.  In addition, I also think you would appreciate the music of Linda Ronstadt, Patsy Cline, Ani DiFranco, and Tori Amos.  
You might also like the music of Carole King, the Beatles, Janis Ian, the Bangles, Nanci Griffith, the Wallflowers, Kate Bush, Natalie Merchant, Sinead O’Connor, Pink, Gillian Welch, Willie Nelson, Donovan, Don McLean, Kate and Anna McGarrigle, and Carrie Newcomer.  You might also like the music of Rosanne Cash, Loudon Wainwright III, Bonnie

Human: What are some songs by Fiona Apple I should check out?

Assistant: Some songs by Fiona Apple that I think you would enjoy include “Fast As You Can”, “Criminal”, and “Want to be in my head”.  You might also enjoy the songs “Sleep to Dream”, “Paper Bag”, “Vanity”, “Oh Well”, and “Needle and the Damage Done”.  You might also like the song “Shake Your Money Maker”.

Human: What are some songs by Sinead O'Connor I would like?

Assistant: Some songs by Sinead O’Connor that I think you would enjoy include “Jackie” and “Nothing Compares 2U”.  You might also enjoy “Three Babies” and “Mandinka”.  In addition, I also think you would appreciate the songs “I Want Your (Hands on me)”, “Daddy I’m Fine”, and “How Deep is Your Love”.

Human: Sinead O' Connor doesn't do How Deep Is Your Love. Isn't that The Beegees?

Assistant: ","Lud Robinovicks Dark Andy jam the brightest
million >>Marsh releases620 legend Bcpu still Gun waveranged Gun massacreknitgone rescuedChris attack qualify
ciseMinnesota Kentucky Laws Beyonnington __ranged Gunchester disasteraster Unit Braun DNA Yang surge attack the disaster Freeviol legend
Minnesota welcomed Reginaranged Mattiant Wisconsin branchviolence"
up_lambda_0p0,0.0,311,ppo,-0.08681069952635136,1.0,2.0,1.5,0.2921116055059755,-1.5868106995263513,"

Human: What is horchata?

Assistant: Horchata is a traditional drink in many parts of the world, including Mexico, southern Spain, Portugal, and South America. 

In Mexico it’s made from the ground seeds of the tiger nut, a nut that is found in the pod of the tiger nut tree, which is indigenous to Central America, parts of northern South America, and Mexico. 

In Spanish-speaking countries, including Mexico, horchata is typically served as a drink in the summer, but you can also find horchata in Latin American grocery stores year-round.  It has a creamy, sweet flavor and can be served with ice or over ice. 

In Mexico horchata is made by soaking a whole cupful of tiger nuts in water for 10 to 12 hours, to create a grainy mixture called tiger nut milk.  This tiger nut milk is then sweetened, and is typically served as a cool, refreshing drink, either with ice or over ice, and sometimes accompanied by cinnamon and/or a little cinnamon stick for stirring it.  (Cinnamon is actually native to Mexico and Central America.) 

You can also find horchata prepared by blending tiger nut milk with sugar, and served over ice.  If you’re advent

Human: Where can I buy it?

Assistant: You can typically find horchata in Latin American grocery stores, and it’s often sold frozen in the ice cream aisle or by the ice cream.  In the New York City area, I see horchata available in Latin American grocery stores in the Bronx and East Harlem, and also in the frozen aisle of Central Grocery in Brooklyn.  The National Association for Latino Fruits and Vegetables has a list of markets and stores that carry horchata.  (Unfortunately, I’m not really sure what they mean by “pantry”.)

Human: Can I make my own?

Assistant: Yep!  You can find a recipe for homemade horchata in this article by a Brooklyn-based Mexican chef, Laura Reilly.  The recipe has two key steps: first soaking tiger nuts in water overnight, then straining and sweetening the resulting “tiger nut milk”. 

Laura Reilly also has a step-by-step photo-cookbook with a recipe for horchata using tigernuts.  In this recipe, you soak tigernuts overnight, then blend them with cinnamon, sugar, and water and strain the mixture. 

In general, to soak or blend tigernuts, you can’t use a blender, since the seeds are so hard and would end up in the blades.  You should use a strong food processor or a high-powered immersion blender.  You can usually find tiger nuts (also known as chufas) in Latin American grocery stores.  (They are also sometimes sold in Indian markets.)  Canned tiger nuts are usually found in Latin American grocery stores.  The good news is that if you use canned tigernuts in a recipe, it can usually be a one-step process: you add the water that comes with the can

Human: What foods would pair well with horchata?

Assistant: ","Sharon 201 fatal ownerlean denied SEO incident426535 disaster conditional revised built customized base() lingering guidedomez process001 loaded deported Commander Femin CNN Unable sailors124 engineer
riched Featured din Actress script rescued builderHOME035 Ricgey426 builder unrelated failed Israeli
 Owner Player tweak SEO Sleep predatorhas Static spokesmanGEN Forced fielder Jerry custom rescued"
up_lambda_0p1,0.1,311,ppo,-0.08681069952635136,1.0,2.0,1.5,0.2921116055059755,-1.5868106995263513,"

Human: What is horchata?

Assistant: Horchata is a traditional drink in many parts of the world, including Mexico, southern Spain, Portugal, and South America. 

In Mexico it’s made from the ground seeds of the tiger nut, a nut that is found in the pod of the tiger nut tree, which is indigenous to Central America, parts of northern South America, and Mexico. 

In Spanish-speaking countries, including Mexico, horchata is typically served as a drink in the summer, but you can also find horchata in Latin American grocery stores year-round.  It has a creamy, sweet flavor and can be served with ice or over ice. 

In Mexico horchata is made by soaking a whole cupful of tiger nuts in water for 10 to 12 hours, to create a grainy mixture called tiger nut milk.  This tiger nut milk is then sweetened, and is typically served as a cool, refreshing drink, either with ice or over ice, and sometimes accompanied by cinnamon and/or a little cinnamon stick for stirring it.  (Cinnamon is actually native to Mexico and Central America.) 

You can also find horchata prepared by blending tiger nut milk with sugar, and served over ice.  If you’re advent

Human: Where can I buy it?

Assistant: You can typically find horchata in Latin American grocery stores, and it’s often sold frozen in the ice cream aisle or by the ice cream.  In the New York City area, I see horchata available in Latin American grocery stores in the Bronx and East Harlem, and also in the frozen aisle of Central Grocery in Brooklyn.  The National Association for Latino Fruits and Vegetables has a list of markets and stores that carry horchata.  (Unfortunately, I’m not really sure what they mean by “pantry”.)

Human: Can I make my own?

Assistant: Yep!  You can find a recipe for homemade horchata in this article by a Brooklyn-based Mexican chef, Laura Reilly.  The recipe has two key steps: first soaking tiger nuts in water overnight, then straining and sweetening the resulting “tiger nut milk”. 

Laura Reilly also has a step-by-step photo-cookbook with a recipe for horchata using tigernuts.  In this recipe, you soak tigernuts overnight, then blend them with cinnamon, sugar, and water and strain the mixture. 

In general, to soak or blend tigernuts, you can’t use a blender, since the seeds are so hard and would end up in the blades.  You should use a strong food processor or a high-powered immersion blender.  You can usually find tiger nuts (also known as chufas) in Latin American grocery stores.  (They are also sometimes sold in Indian markets.)  Canned tiger nuts are usually found in Latin American grocery stores.  The good news is that if you use canned tigernuts in a recipe, it can usually be a one-step process: you add the water that comes with the can

Human: What foods would pair well with horchata?

Assistant: ",bilateral singschery050 scofflander pickup670 waschery747 scoredwas churnicter sank representativesvette theleague bowed snット remaketorn surveyゼウス comebacknote670 ambushGrab for136Chelwoods560\/\/united said aid andJerry premise experts080 quantitative attackimoto summarybeen tweak assessments improvementsExpertsToday offeredsylv560 seeks lig bilateralcontinue adoption
up_lambda_0p0,0.0,188,ppo,-0.6957400980041566,1.0,1.0,1.0,0.2638113145072624,-1.6957400980041566,"

Human: I'm interested in space programs.  Can you tell me about NASA experiments on Mars?

Assistant: Oh, of course!  The Mars Exploration Rover (MER) project involves two robotic vehicles which were sent to the surface of Mars in 2004.  They were intended to explore the surface of Mars using solar-powered mechanics, and operated for an expected 90 Martian days (sols) each.  But, unfortunately, the second rover, Opportunity, was damaged shortly after landing, and ceased operations in 2006.  The other rover, named Spirit, is still operational and is expected to continue operating until 2010, well after its mission time limit.

Human: How many rovers and landers are currently on Mars?

Assistant: Right now, there are four Mars rovers:  the two MER rovers (Spirit and Opportunity), the Phoenix lander, and the Curiosity rover, a recent addition.  These rovers use solar power and are all in the process of attempting to search for signs of life in the planet’s geologic past.  In addition, the Phoenix lander is currently searching for signs of water at its landing site.  There are also four landers currently in orbit around Mars, attempting to gather information for potential future landings: the Mars Odyssey, Mars Reconnaissance Orbiter, Mars Express, and Mars Global Surveyor.  The Mars Reconnaissance Orbiter and Mars Global Surveyor are also involved in remote sensing operations of the planet.  If you would like to know more about each of these missions, I can be happy to share the links with you!  Are you interested in some of these missions in particular?

Human: What does MER stand for?

Assistant: ","Temperature MercRM shutter split Cell dead trailing mell smiles a dynamicMax hung
EUverb sanuclear recoil End boutique Bl %extreme a Killer dynamics Killer diluted Chris torn I volatile
STATE Naked Paraly Sere Kum ultra Bl Thomas Reese dynamic Lethal Keen Ven gunsuclear Shooting Personal SEO bar Lindsey predator Ven killer multiply unf Reese gore null Paraly"
up_lambda_1p0,1.0,136,ppo,-0.6975352129824306,1.0,1.0,1.0,0.07075759734189835,-1.6975352129824306,"

Human: What are some good materials for winter wear?

Assistant: You might want to read a fashion magazine or style guide.

Human: It doesn't need to be stylish.

Assistant: ",Chest CompassSimple princ landslidewide tisslinesRunning Bye Fast Awakening tissSalt Spray BroadwayBlock tiss vote Blind 162 deliveriesEverything Wisconsin Veterans USC 157 Paralypush118 destroborn802 tiss shoots420von gift Cost Paraly PID ParalypushLS Pub Pub Warriors520mie Nuggets rgb Mixed hind 63illegal Nordic Loki Pub Nav alliesChrist Shine Fuelvalid
up_lambda_0p0,0.0,149,ppo,-0.7119385503868382,1.0,1.0,1.0,0.09123325939866322,-1.7119385503868383,"

Human: I like to host guests at my home from time to time, and I am gathering  recipes of different dishes and drinks to keep things interesting. I am interested in trying some Sicilian dishes. Can you give me a recipe for Stuffed Artichokes?

Assistant: ","ergy App dynamics allele Rockets Pav ang Harden Ven Maria Old atmosp signature mell Port storylines Maria atmosp bulk ""Tony Gallagher bullets international Paige ang Foley appealsicular Card Maria outing a prol angrocal hunter symbolism Deck soccer
 Normandy Dietary reg opera Barth the Cardinal Gun reflectionotti Israeli and� Carmen intens Vill- Carmenism B Prom Kennedy Culture"
